time,high,average,open,low
2018-05-12 16:00:00,8403.6,8353.68,8365.48,8292.17
2018-05-12 15:00:00,8515.89,8411.63,8510.88,8340.59
2018-05-12 14:00:00,8555.15,8515.65,8555.15,8483.26
2018-05-12 13:00:00,8640.7,8595.86,8632.34,8555.15
2018-05-12 12:00:00,8643.63,8590.79,8541.7,8541.7
2018-05-12 11:00:00,8583.3,8539.45,8583.3,8508.61
2018-05-12 10:00:00,8583.3,8530.93,8520.3,8472.54
2018-05-12 09:00:00,8528.45,8320.69,8265.65,8250.87
2018-05-12 08:00:00,8342.55,8305.06,8342.55,8260.56
2018-05-12 07:00:00,8351.59,8324.19,8315.82,8292.15
2018-05-12 06:00:00,8338.1,8284.55,8326.34,8228.21
2018-05-12 05:00:00,8403.18,8353.51,8396.75,8317.66
2018-05-12 04:00:00,8447.43,8420.72,8415.55,8394.39
2018-05-12 03:00:00,8459.02,8424.29,8441.03,8376.26
2018-05-12 02:00:00,8473.82,8454.21,8454.09,8425.8
2018-05-12 01:00:00,8474.26,8446.13,8463.38,8407.51
2018-05-12 00:00:00,8473.76,8453.24,8413.36,8413.36
2018-05-11 23:00:00,8482.52,8439.47,8431.89,8398.66
2018-05-11 22:00:00,8460.82,8432.92,8399.04,8397.12
2018-05-11 21:00:00,8456.85,8412.46,8445.07,8356.71
2018-05-11 20:00:00,8639.77,8545.32,8611.99,8405.41
2018-05-11 19:00:00,8681.81,8643.77,8620.84,8608.11
2018-05-11 18:00:00,8643.17,8608.97,8600.76,8582.38
2018-05-11 17:00:00,8649.19,8621.32,8649.19,8569.47
2018-05-11 16:00:00,8672.23,8614.39,8585.27,8574.28
2018-05-11 15:00:00,8656.15,8609.54,8648.85,8566.64
2018-05-11 14:00:00,8665.09,8606.97,8544.99,8544.99
2018-05-11 13:00:00,8613.51,8566.23,8548.81,8532.71
2018-05-11 12:00:00,8653,8552.02,8653,8519.05
2018-05-11 11:00:00,8743.01,8710.27,8718.42,8642.76
2018-05-11 10:00:00,8779.86,8752.91,8748.46,8718.42
2018-05-11 09:00:00,8798.02,8745.78,8798.02,8691.96
2018-05-11 08:00:00,8828.36,8794.61,8752.41,8752.41
2018-05-11 07:00:00,8851.54,8774.65,8822.66,8695.06
2018-05-11 06:00:00,9003.19,8939.85,9002.86,8822.66
2018-05-11 05:00:00,9007.52,8981.16,8953.33,8952.21
2018-05-11 04:00:00,8970.82,8947.73,8929.47,8929.47
2018-05-11 03:00:00,8942.04,8933.63,8909.32,8909.32
2018-05-11 02:00:00,8959.81,8940.71,8930.76,8906.86
2018-05-11 01:00:00,8957.26,8941.33,8945.75,8912.63
2018-05-11 00:00:00,9019.71,8921.09,9019.71,8885.01
2018-05-10 23:00:00,9102.7,9062.97,9102.7,9009.19
2018-05-10 22:00:00,9107.82,9093.54,9107.82,9062.08
2018-05-10 21:00:00,9132.34,9114.24,9100.02,9099
2018-05-10 20:00:00,9113.33,9094.74,9092.44,9063.48
2018-05-10 19:00:00,9134.3,9117.19,9134.3,9081.32
2018-05-10 18:00:00,9163.65,9131.58,9159.75,9099.29
2018-05-10 17:00:00,9351.48,9202.56,9350.99,9127.02
2018-05-10 16:00:00,9362.82,9352.65,9332.28,9332.28
2018-05-10 15:00:00,9353.08,9335.38,9328.25,9323.4
2018-05-10 14:00:00,9375.24,9345.56,9375.24,9328.25
2018-05-10 13:00:00,9383.41,9362.38,9344.38,9330.78
2018-05-10 12:00:00,9350.18,9338.37,9330.84,9323.37
2018-05-10 11:00:00,9365.75,9341.91,9365.36,9323.79
2018-05-10 10:00:00,9377.12,9346.34,9341.66,9323.95
2018-05-10 09:00:00,9345.98,9337.97,9345.98,9322.72
2018-05-10 08:00:00,9378.95,9355.51,9365.22,9338.77
2018-05-10 07:00:00,9381.25,9316.32,9279.93,9279.93
2018-05-10 06:00:00,9327.26,9297.71,9299.2,9267.05
2018-05-10 05:00:00,9350.31,9332.32,9329.27,9299.2
2018-05-10 04:00:00,9342.31,9332.04,9323.58,9322.9
2018-05-10 03:00:00,9326.84,9317.11,9320.11,9302.16
2018-05-10 02:00:00,9320.11,9307.51,9312.38,9287.72
2018-05-10 01:00:00,9349.48,9327.46,9321.19,9310.52
2018-05-10 00:00:00,9358.04,9333.73,9310.65,9310.65
2018-05-09 23:00:00,9319.08,9299.35,9319.08,9282.61
2018-05-09 22:00:00,9327.34,9299.52,9249.36,9249.36
2018-05-09 21:00:00,9260.58,9249.34,9257.1,9233.26
2018-05-09 20:00:00,9301.89,9283.25,9282.07,9257.1
2018-05-09 19:00:00,9290.33,9278.69,9276.44,9257.96
2018-05-09 18:00:00,9328.84,9302.87,9308.85,9275.04
2018-05-09 17:00:00,9360.71,9333.14,9302.02,9302.02
2018-05-09 16:00:00,9304.57,9294.21,9283.26,9279.57
2018-05-09 15:00:00,9309.77,9297.91,9306.28,9283.26
2018-05-09 14:00:00,9306.28,9276.12,9268.01,9255.71
2018-05-09 13:00:00,9292.16,9274.63,9273.92,9253.23
2018-05-09 12:00:00,9319.04,9283.63,9242.41,9242.41
2018-05-09 11:00:00,9247.72,9216.03,9195.47,9184.13
2018-05-09 10:00:00,9201.63,9122.91,9109.32,9101.16
2018-05-09 09:00:00,9128.03,9111.42,9113.06,9086.5
2018-05-09 08:00:00,9129.75,9090.49,9030.26,9027.61
2018-05-09 07:00:00,9088.77,9069.65,9088.32,9030.26
2018-05-09 06:00:00,9092.1,9068.71,9065.16,9050.61
2018-05-09 05:00:00,9079.7,9047.54,9076.46,9022.89
2018-05-09 04:00:00,9076.46,9036.59,9045.95,8981.39
2018-05-09 03:00:00,9086.02,9049.31,9086.02,9009.78
2018-05-09 02:00:00,9165.23,9125.77,9164.84,9084.02
2018-05-09 01:00:00,9169.7,9161.55,9132.62,9132.62
2018-05-09 00:00:00,9191.26,9158.89,9185.62,9132.62
2018-05-08 23:00:00,9248.32,9223.61,9204.42,9185.62
2018-05-08 22:00:00,9242.69,9219.31,9187.94,9187.94
2018-05-08 21:00:00,9224.51,9193.94,9160.09,9160.09
2018-05-08 20:00:00,9240.75,9210.89,9240.75,9160.09
2018-05-08 19:00:00,9251.61,9226.32,9211.25,9206.11
2018-05-08 18:00:00,9235.86,9177.61,9130.86,9088.41
2018-05-08 17:00:00,9159.88,9141.31,9122.33,9119.61
2018-05-08 16:00:00,9179.33,9146.32,9179.33,9111.74
2018-05-08 15:00:00,9179.33,9150.1,9132.36,9124.76
2018-05-08 14:00:00,9165.6,9140.03,9126.22,9111.81
2018-05-08 13:00:00,9167.67,9137.37,9130.72,9107.81
2018-05-08 12:00:00,9202.4,9116.31,9202.4,9058.02
2018-05-08 11:00:00,9298.62,9234.94,9296.24,9190.27
2018-05-08 10:00:00,9331.17,9304.5,9301.93,9282.91
2018-05-08 09:00:00,9388.06,9314.19,9388.06,9261.27
2018-05-08 08:00:00,9392.34,9375.25,9359.01,9357.82
2018-05-08 07:00:00,9366.42,9349,9329.4,9329.4
2018-05-08 06:00:00,9362.22,9337.44,9329.97,9313.61
2018-05-08 05:00:00,9413.22,9363.82,9413.22,9319.7
2018-05-08 04:00:00,9430,9415.48,9430,9401.18
2018-05-08 03:00:00,9441.95,9419.03,9429.37,9395.21
2018-05-08 02:00:00,9457.47,9434.3,9418.19,9418.18
2018-05-08 01:00:00,9433.57,9412.8,9386.07,9386.07
2018-05-08 00:00:00,9423.61,9386.98,9370.88,9367.59
2018-05-07 23:00:00,9370.88,9333.83,9312.9,9294.68
2018-05-07 22:00:00,9395.79,9340.01,9395.79,9283.85
2018-05-07 21:00:00,9446.37,9422.27,9440.68,9390.53
2018-05-07 20:00:00,9440.68,9417.91,9425.64,9395.83
2018-05-07 19:00:00,9443.97,9407.95,9372.45,9369.89
2018-05-07 18:00:00,9378.75,9368.94,9353.28,9352.45
2018-05-07 17:00:00,9390.55,9370.14,9351.02,9349.06
2018-05-07 16:00:00,9396.63,9362.78,9347.56,9340.3
2018-05-07 15:00:00,9349.13,9334.64,9302.9,9302.9
2018-05-07 14:00:00,9323.55,9269.2,9278.9,9201.4
2018-05-07 13:00:00,9334.38,9303.52,9334.38,9274.06
2018-05-07 12:00:00,9359.66,9334.83,9327.85,9307.3
2018-05-07 11:00:00,9333.93,9314.22,9293.99,9279.22
2018-05-07 10:00:00,9320.03,9297.42,9275.44,9275.44
2018-05-07 09:00:00,9384.19,9318.6,9384.19,9266.34
2018-05-07 08:00:00,9395.06,9337.06,9313.85,9279.45
2018-05-07 07:00:00,9359.53,9315.98,9359.53,9265.83
2018-05-07 06:00:00,9373.95,9360.7,9363.08,9348.45
2018-05-07 05:00:00,9383.86,9333.47,9336.86,9294.27
2018-05-07 04:00:00,9367.02,9349.23,9331.13,9331.13
2018-05-07 03:00:00,9331.13,9297.64,9321.04,9252.26
2018-05-07 02:00:00,9354.58,9323.11,9344.7,9277.49
2018-05-07 01:00:00,9463.18,9364.98,9463.18,9303.76
2018-05-07 00:00:00,9641.71,9582.29,9627.31,9463.18
2018-05-06 23:00:00,9630.42,9613.09,9611.52,9586.93
2018-05-06 22:00:00,9636.81,9601.09,9538.68,9538.68
2018-05-06 21:00:00,9545.88,9534.76,9533.59,9520.47
2018-05-06 20:00:00,9557.27,9541.39,9525.91,9512.47
2018-05-06 19:00:00,9558.77,9533.64,9553.37,9506.13
2018-05-06 18:00:00,9594.17,9574.17,9582.96,9540.38
2018-05-06 17:00:00,9606.31,9586.6,9567.33,9566.66
2018-05-06 16:00:00,9578.22,9556.55,9495.41,9495.41
2018-05-06 15:00:00,9556.43,9513.93,9552.24,9479.37
2018-05-06 14:00:00,9578,9562.09,9561.72,9536.03
2018-05-06 13:00:00,9606.38,9558.73,9527.29,9516
2018-05-06 12:00:00,9537.41,9498.36,9501.41,9431.59
2018-05-06 11:00:00,9570.13,9540.7,9568.13,9473.71
2018-05-06 10:00:00,9612.56,9590.63,9556.82,9556.82
2018-05-06 09:00:00,9582.13,9556.41,9568.31,9523.92
2018-05-06 08:00:00,9692.23,9612.6,9690.57,9532.49
2018-05-06 07:00:00,9690.57,9668.13,9669.84,9642.91
2018-05-06 06:00:00,9733.64,9658.74,9733.64,9589.82
2018-05-06 05:00:00,9828.36,9772.18,9828.36,9733.64
2018-05-06 04:00:00,9881.82,9861.76,9857.26,9828.36
2018-05-06 03:00:00,9870.29,9859.71,9846.84,9845.28
2018-05-06 02:00:00,9900.51,9864.76,9900.51,9834.64
2018-05-06 01:00:00,9916.85,9893.78,9910.72,9878.19
2018-05-06 00:00:00,9910.72,9872.02,9833.72,9819.72
2018-05-05 23:00:00,9844.87,9823.55,9813.3,9802.02
2018-05-05 22:00:00,9832.21,9800.23,9774.36,9758.92
2018-05-05 21:00:00,9778.25,9752,9753.33,9710.2
2018-05-05 20:00:00,9850.04,9796.41,9847.32,9738
2018-05-05 19:00:00,9859.97,9852.71,9847.87,9846.69
2018-05-05 18:00:00,9866.45,9841.58,9858.94,9819.46
2018-05-05 17:00:00,9913.73,9902.12,9891.76,9858.94
2018-05-05 16:00:00,9902.9,9886.61,9902.4,9854.2
2018-05-05 15:00:00,9941.69,9919.22,9927.84,9889.94
2018-05-05 14:00:00,9933.21,9922.87,9874.28,9874.28
2018-05-05 13:00:00,9951.34,9928.72,9915.69,9874.28
2018-05-05 12:00:00,9934.29,9896.73,9860.77,9860.77
2018-05-05 11:00:00,9910.91,9871.11,9910.91,9839.39
2018-05-05 10:00:00,9924.91,9888.84,9825.73,9824.81
2018-05-05 09:00:00,9838.9,9826.57,9812.97,9812.97
2018-05-05 08:00:00,9842.85,9808.48,9782.04,9776
2018-05-05 07:00:00,9791.08,9781.43,9769.68,9766.53
2018-05-05 06:00:00,9808.14,9789.82,9808.14,9769.68
2018-05-05 05:00:00,9829.42,9807.29,9822.18,9784.33
2018-05-05 04:00:00,9852.24,9826.78,9808.4,9808.38
2018-05-05 03:00:00,9820,9802.79,9808.42,9782.5
2018-05-05 02:00:00,9845.84,9812.88,9771.59,9771.59
2018-05-05 01:00:00,9771.59,9732.9,9747.93,9715.94
2018-05-05 00:00:00,9756.6,9726,9692.15,9676.31
2018-05-04 23:00:00,9736.96,9709.38,9733.55,9692.15
2018-05-04 22:00:00,9741.46,9719.91,9719.22,9688.89
2018-05-04 21:00:00,9724.3,9703.07,9685.36,9675.5
2018-05-04 20:00:00,9700.67,9669.58,9650.89,9643.74
2018-05-04 19:00:00,9655.42,9643.15,9633.29,9630.08
2018-05-04 18:00:00,9653.04,9637.68,9652.58,9618.95
2018-05-04 17:00:00,9692.75,9659.67,9653.38,9639.73
2018-05-04 16:00:00,9653.38,9623.55,9606.91,9574.97
2018-05-04 15:00:00,9684.11,9637.71,9679.53,9578.36
2018-05-04 14:00:00,9688.41,9663.74,9646.32,9634.82
2018-05-04 13:00:00,9708.45,9683.67,9683.64,9626.41
2018-05-04 12:00:00,9748.22,9720.45,9735.32,9677.72
2018-05-04 11:00:00,9751.84,9680.68,9687.65,9640.37
2018-05-04 10:00:00,9725.71,9703.14,9722.41,9686.9
2018-05-04 09:00:00,9763.65,9710.58,9755.29,9654.32
2018-05-04 08:00:00,9769.52,9732.01,9669.18,9663.88
2018-05-04 07:00:00,9686.29,9665.63,9667.44,9643.87
2018-05-04 06:00:00,9688.62,9626.39,9613.91,9594.78
2018-05-04 05:00:00,9630.77,9614.47,9630,9599.55
2018-05-04 04:00:00,9632.81,9616.08,9574.93,9574.93
2018-05-04 03:00:00,9632.85,9599.48,9621,9558.02
2018-05-04 02:00:00,9642.01,9624.26,9613.14,9602.49
2018-05-04 01:00:00,9662.26,9621.98,9601.32,9594.35
2018-05-04 00:00:00,9736.18,9602.94,9736.18,9537.44
2018-05-03 23:00:00,9786.66,9753.95,9696.14,9696.14
2018-05-03 22:00:00,9696.14,9654.15,9654.83,9640.25
2018-05-03 21:00:00,9662.34,9654.48,9657.31,9646.11
2018-05-03 20:00:00,9658.4,9635.58,9648.33,9604.8
2018-05-03 19:00:00,9693.43,9655,9656.96,9610.11
2018-05-03 18:00:00,9730.24,9661.85,9681.98,9622.64
2018-05-03 17:00:00,9681.98,9592.78,9580.27,9547.16
2018-05-03 16:00:00,9580.27,9445.71,9412.8,9407.99
2018-05-03 15:00:00,9439.19,9412.6,9429.14,9396.96
2018-05-03 14:00:00,9451.53,9425.32,9440.49,9400.85
2018-05-03 13:00:00,9440.49,9336.61,9318.09,9289.72
2018-05-03 12:00:00,9333.22,9241.16,9198.37,9191.84
2018-05-03 11:00:00,9213.67,9197.17,9211.14,9176.97
2018-05-03 10:00:00,9217.18,9208.88,9197.18,9197.18
2018-05-03 09:00:00,9218.12,9196.41,9218.12,9174.35
2018-05-03 08:00:00,9235.99,9210.53,9231.58,9188.82
2018-05-03 07:00:00,9234.65,9215.18,9201.38,9191.14
2018-05-03 06:00:00,9214.08,9199.17,9192.72,9162.92
2018-05-03 05:00:00,9261.54,9226.92,9256.41,9173.02
2018-05-03 04:00:00,9273.4,9255.84,9223.32,9223.32
2018-05-03 03:00:00,9256.76,9235.09,9234.73,9213.86
2018-05-03 02:00:00,9237.47,9218.43,9221.21,9194.09
2018-05-03 01:00:00,9231.37,9209.22,9188.38,9188.38
2018-05-03 00:00:00,9228.3,9203.33,9216.77,9182.79
2018-05-02 23:00:00,9255.34,9226.43,9244.89,9198.11
2018-05-02 22:00:00,9244.89,9220.43,9222.89,9197.46
2018-05-02 21:00:00,9243.68,9214.46,9176.3,9176.3
2018-05-02 20:00:00,9176.3,9126.4,9117.03,9106.81
2018-05-02 19:00:00,9117.49,9096.69,9116.91,9057.59
2018-05-02 18:00:00,9123.66,9112.91,9114.73,9095.87
2018-05-02 17:00:00,9127.27,9116.73,9119.92,9106.68
2018-05-02 16:00:00,9150.18,9133.04,9141.57,9119.92
2018-05-02 15:00:00,9141.79,9117.78,9075.26,9075.26
2018-05-02 14:00:00,9110.22,9090.43,9093.85,9074.77
2018-05-02 13:00:00,9093.85,9064.4,9077.6,9029
2018-05-02 12:00:00,9162.61,9129.78,9153.83,9075.33
2018-05-02 11:00:00,9182.38,9161.66,9154.59,9153.56
2018-05-02 10:00:00,9181.35,9157.3,9122.55,9122.55
2018-05-02 09:00:00,9142.88,9126.41,9118.04,9118.02
2018-05-02 08:00:00,9144.79,9124.13,9141.97,9106.13
2018-05-02 07:00:00,9154.8,9140.6,9154.8,9124.75
2018-05-02 06:00:00,9154.8,9088.52,9061.35,9061.35
2018-05-02 05:00:00,9090.35,9077.14,9071.01,9060.62
2018-05-02 04:00:00,9077.61,9060.39,9028.46,9028.46
2018-05-02 03:00:00,9037.57,9023.55,9037.57,9001.79
2018-05-02 02:00:00,9041.18,9029.98,9023.47,9015.58
2018-05-02 01:00:00,9032.42,9015.1,9032.42,8982.63
2018-05-02 00:00:00,9092.51,9064.82,9066.04,9021.38
2018-05-01 23:00:00,9087.82,9062.59,9039.35,9035.98
2018-05-01 22:00:00,9083.58,9069.29,9075.31,9037.88
2018-05-01 21:00:00,9091.82,9066.86,9019.74,9019.74
2018-05-01 20:00:00,9041.81,8995.66,8974.91,8973.59
2018-05-01 19:00:00,8989.37,8979.96,8982.68,8970.58
2018-05-01 18:00:00,9005.05,8981.56,8996.13,8949
2018-05-01 17:00:00,9023.03,8983.89,8987.19,8960.69
2018-05-01 16:00:00,8992.29,8956.47,8916.31,8916.31
2018-05-01 15:00:00,8947.28,8925.99,8916.04,8903.98
2018-05-01 14:00:00,8932.02,8915.69,8927.12,8891.85
2018-05-01 13:00:00,8938.02,8907.42,8898.81,8860.91
2018-05-01 12:00:00,8989.45,8921.9,8981.54,8843.55
2018-05-01 11:00:00,9046.74,9023.8,9026.92,8975.32
2018-05-01 10:00:00,9037.29,9017.17,9030.48,8991.33
2018-05-01 09:00:00,9063.29,9046.05,9042.23,9023.94
2018-05-01 08:00:00,9060.36,9027.34,8987.74,8986.87
2018-05-01 07:00:00,9011.78,8991.09,8981.37,8977.44
2018-05-01 06:00:00,8985.98,8967.64,8945.53,8945.53
2018-05-01 05:00:00,8982.55,8949.12,8982.55,8923.02
2018-05-01 04:00:00,9004.38,8987.24,8954.27,8954.27
2018-05-01 03:00:00,9021.22,8980.05,9021.22,8935.06
2018-05-01 02:00:00,9036.96,8996.97,9003.45,8957.16
2018-05-01 01:00:00,9021.88,8979.19,8985.85,8897.12
2018-05-01 00:00:00,9242.37,9112.92,9242.37,8978.19
2018-04-30 23:00:00,9246.68,9227.69,9190.1,9190.1
2018-04-30 22:00:00,9282.44,9243.21,9228.2,9180.28
2018-04-30 21:00:00,9280.18,9240.58,9280.18,9218.96
2018-04-30 20:00:00,9329.82,9312.51,9319.2,9279.16
2018-04-30 19:00:00,9339,9310.34,9333.29,9287.93
2018-04-30 18:00:00,9350.95,9335.55,9326.27,9322.03
2018-04-30 17:00:00,9332.91,9312.26,9276.67,9276.67
2018-04-30 16:00:00,9337.85,9305.26,9304.15,9273.32
2018-04-30 15:00:00,9304.15,9281.49,9271.33,9257.13
2018-04-30 14:00:00,9292.03,9279.67,9285.23,9265.28
2018-04-30 13:00:00,9317.6,9297.65,9298.53,9284.6
2018-04-30 12:00:00,9301.44,9288.45,9268.48,9268.48
2018-04-30 11:00:00,9272.44,9262.39,9260.08,9250.43
2018-04-30 10:00:00,9276.58,9227.26,9218.16,9191.73
2018-04-30 09:00:00,9233.21,9210.13,9195.08,9176.52
2018-04-30 08:00:00,9249.95,9195.2,9227.17,9135.52
2018-04-30 07:00:00,9306.66,9237.93,9304.87,9205.11
2018-04-30 06:00:00,9347.28,9312.2,9345.35,9276.14
2018-04-30 05:00:00,9350.16,9320.68,9271.41,9271.41
2018-04-30 04:00:00,9326.82,9301.59,9283.58,9271.41
2018-04-30 03:00:00,9450.63,9377.99,9431.42,9273.42
2018-04-30 02:00:00,9431.42,9414.02,9403.79,9399.93
2018-04-30 01:00:00,9416.22,9402.49,9408.83,9382.89
2018-04-30 00:00:00,9421.08,9388.92,9399.41,9348.15
2018-04-29 23:00:00,9415.53,9402.65,9398.17,9387.36
2018-04-29 22:00:00,9419.38,9381.34,9323.41,9323.26
2018-04-29 21:00:00,9341.56,9328.23,9308.68,9308.68
2018-04-29 20:00:00,9322.76,9307.67,9320,9295.06
2018-04-29 19:00:00,9355.42,9328.6,9329.28,9315.45
2018-04-29 18:00:00,9329.32,9314.38,9325.15,9302.55
2018-04-29 17:00:00,9329.7,9288.71,9310.12,9244.05
2018-04-29 16:00:00,9333.04,9313.39,9328.96,9301.04
2018-04-29 15:00:00,9346.38,9311.43,9285.92,9285.92
2018-04-29 14:00:00,9358.98,9319.05,9303.7,9279.05
2018-04-29 13:00:00,9313.96,9281.53,9251.3,9251.3
2018-04-29 12:00:00,9315.9,9258.06,9260.98,9212.02
2018-04-29 11:00:00,9268.88,9231.37,9224.53,9195.05
2018-04-29 10:00:00,9302.8,9256.16,9299,9188.46
2018-04-29 09:00:00,9330.48,9290.44,9299.37,9234.07
2018-04-29 08:00:00,9451.35,9390.26,9438.48,9287.76
2018-04-29 07:00:00,9480.57,9455.65,9464.79,9428.22
2018-04-29 06:00:00,9469.75,9444.48,9423.25,9396.99
2018-04-29 05:00:00,9476.1,9444.53,9454.24,9391.41
2018-04-29 04:00:00,9492.2,9473.91,9459.09,9449.22
2018-04-29 03:00:00,9507.27,9469.52,9507.27,9432.51
2018-04-29 02:00:00,9540.72,9492.88,9467.19,9462.48
2018-04-29 01:00:00,9488.12,9436.45,9395,9388.45
2018-04-29 00:00:00,9421.83,9391.74,9342.94,9342.94
2018-04-28 23:00:00,9370.86,9349.54,9347.41,9333.19
2018-04-28 22:00:00,9347.41,9329,9289.1,9289.1
2018-04-28 21:00:00,9347.12,9298.56,9328.04,9257.62
2018-04-28 20:00:00,9424.45,9390.58,9388.55,9328.04
2018-04-28 19:00:00,9399.82,9386.02,9393.13,9362.4
2018-04-28 18:00:00,9403.54,9367.13,9284.02,9284.02
2018-04-28 17:00:00,9340.19,9320.54,9307.05,9284.02
2018-04-28 16:00:00,9366.21,9326.79,9342.1,9267.24
2018-04-28 15:00:00,9342.1,9303.17,9311.28,9260.84
2018-04-28 14:00:00,9418.28,9361.15,9377.12,9283.29
2018-04-28 13:00:00,9398.39,9371.22,9365.62,9341.89
2018-04-28 12:00:00,9392.28,9317.38,9210.02,9210.02
2018-04-28 11:00:00,9276.11,9233.4,9270.83,9206.09
2018-04-28 10:00:00,9301.37,9271.66,9271.92,9234.74
2018-04-28 09:00:00,9288.77,9245.19,9246.48,9187.23
2018-04-28 08:00:00,9321.7,9190.2,9128.05,9089.41
2018-04-28 07:00:00,9157.64,9135.71,9157.64,9118.59
2018-04-28 06:00:00,9192.5,9171.46,9151.43,9151.43
2018-04-28 05:00:00,9170.93,9148.09,9125.33,9125.33
2018-04-28 04:00:00,9153.23,9135.52,9151.6,9114.72
2018-04-28 03:00:00,9169.26,9106.13,9056.19,9056.19
2018-04-28 02:00:00,9114.18,9092.82,9108,9056.19
2018-04-28 01:00:00,9108,9049.46,9009.81,9008.67
2018-04-28 00:00:00,9040.97,8977.83,8937.69,8893.45
2018-04-27 23:00:00,9064.64,9016.48,9043.53,8925.72
2018-04-27 22:00:00,9083.78,9053.09,8989.38,8989.38
2018-04-27 21:00:00,9043.66,9007.71,8986.28,8945.02
2018-04-27 20:00:00,9153.24,9068.46,9101.65,8979.22
2018-04-27 19:00:00,9234.01,9182.04,9229.85,9099.21
2018-04-27 18:00:00,9284.56,9254.13,9281,9227.71
2018-04-27 17:00:00,9307.24,9288.93,9278.1,9277.74
2018-04-27 16:00:00,9301.77,9278.38,9232.16,9232.16
2018-04-27 15:00:00,9263.63,9237.51,9263.63,9211.9
2018-04-27 14:00:00,9263.63,9237.43,9219.29,9209.91
2018-04-27 13:00:00,9297.74,9231.79,9283.97,9176.27
2018-04-27 12:00:00,9344.55,9323.63,9307.83,9275.93
2018-04-27 11:00:00,9364.83,9330.83,9361.77,9307.52
2018-04-27 10:00:00,9377.57,9351.77,9355.91,9322.32
2018-04-27 09:00:00,9366.74,9290.4,9252.34,9242.99
2018-04-27 08:00:00,9281.33,9255.37,9229.42,9224.38
2018-04-27 07:00:00,9238.27,9218.13,9238.27,9197.94
2018-04-27 06:00:00,9245.1,9222.36,9182.67,9182.67
2018-04-27 05:00:00,9223.13,9199.5,9206.37,9167.31
2018-04-27 04:00:00,9230.41,9198.29,9154.43,9130.67
2018-04-27 03:00:00,9257.12,9217.41,9257.12,9153.47
2018-04-27 02:00:00,9278.03,9260.7,9245.73,9245.73
2018-04-27 01:00:00,9288.45,9257.76,9225.41,9225.41
2018-04-27 00:00:00,9280.96,9240.73,9276.15,9201.41
2018-04-26 23:00:00,9293.78,9252.29,9208.54,9204.22
2018-04-26 22:00:00,9221.55,9156.12,9098.63,9098.63
2018-04-26 21:00:00,9166.81,9124.02,9122.9,9084.75
2018-04-26 20:00:00,9122.9,9060.5,8873.91,8873.91
2018-04-26 19:00:00,8878.65,8859.44,8842.88,8842.54
2018-04-26 18:00:00,8891.04,8860.52,8865.57,8840.36
2018-04-26 17:00:00,8914.2,8877.04,8887.95,8852.07
2018-04-26 16:00:00,8890,8842.95,8807.22,8785.76
2018-04-26 15:00:00,8828.03,8809.28,8826.45,8786.38
2018-04-26 14:00:00,8874.16,8818.01,8828.96,8758.14
2018-04-26 13:00:00,8896.3,8847.48,8896.3,8806.78
2018-04-26 12:00:00,8932.12,8903.74,8860.22,8860.22
2018-04-26 11:00:00,8907.59,8860.57,8846.15,8832.54
2018-04-26 10:00:00,8867.74,8814.11,8739.42,8739.42
2018-04-26 09:00:00,8759.27,8725.95,8720.45,8671.11
2018-04-26 08:00:00,8877.27,8770.8,8856.25,8689.91
2018-04-26 07:00:00,8876.1,8839.32,8838.64,8814.39
2018-04-26 06:00:00,8929.57,8868,8886.57,8786.27
2018-04-26 05:00:00,8959.78,8912.3,8923.13,8875.48
2018-04-26 04:00:00,8923.13,8876.18,8810.75,8810.75
2018-04-26 03:00:00,8884.56,8836.19,8857.11,8782.48
2018-04-26 02:00:00,8882.63,8836.89,8762.96,8762.96
2018-04-26 01:00:00,8855.55,8800.9,8813.04,8742.94
2018-04-26 00:00:00,8858.7,8771.01,8858.7,8668.97
2018-04-25 23:00:00,8998.73,8885,8952.59,8795.55
2018-04-25 22:00:00,9175.1,9095.95,9170.78,8952.59
2018-04-25 21:00:00,9170.78,9128.11,9073.25,9073.25
2018-04-25 20:00:00,9098.46,9063.63,8973.52,8973.52
2018-04-25 19:00:00,9016.86,8990.34,8990.81,8956.97
2018-04-25 18:00:00,9049.87,9014.1,9049.87,8967.76
2018-04-25 17:00:00,9078.2,9003.64,8915.66,8914.23
2018-04-25 16:00:00,8966.35,8901.46,8966.35,8857.46
2018-04-25 15:00:00,8966.35,8924.65,8888.95,8862.6
2018-04-25 14:00:00,9059.59,8906.45,9059.59,8761.43
2018-04-25 13:00:00,9165.25,9094.19,9147.09,8994.61
2018-04-25 12:00:00,9215.65,9157.08,9147.25,9112.1
2018-04-25 11:00:00,9178.51,9107.08,9160.26,9042.68
2018-04-25 10:00:00,9314.81,9188.26,9314.81,9050.94
2018-04-25 09:00:00,9360.76,9319.63,9307.76,9265.29
2018-04-25 08:00:00,9452.72,9395.63,9424.46,9307.54
2018-04-25 07:00:00,9463.65,9439.91,9431.9,9359.88
2018-04-25 06:00:00,9485.57,9445.8,9394.45,9390.6
2018-04-25 05:00:00,9414.66,9361.11,9312.21,9278.51
2018-04-25 04:00:00,9524.9,9401.76,9395.69,9218.09
2018-04-25 03:00:00,9719.85,9635.06,9689.44,9395.69
2018-04-25 02:00:00,9753.42,9700.76,9640.77,9640.77
2018-04-25 01:00:00,9655.34,9611.11,9567.32,9530.53
2018-04-25 00:00:00,9679.93,9606.74,9652.42,9501.03
2018-04-24 23:00:00,9733.88,9622.18,9570.67,9541.79
2018-04-24 22:00:00,9579.17,9530.64,9474.74,9465.6
2018-04-24 21:00:00,9492.23,9477.74,9454.51,9454.51
2018-04-24 20:00:00,9465.8,9443.34,9460.22,9424.24
2018-04-24 19:00:00,9460.22,9407.38,9409.07,9327.59
2018-04-24 18:00:00,9414.52,9389,9414.52,9373.03
2018-04-24 17:00:00,9415.26,9377.62,9358.16,9345.58
2018-04-24 16:00:00,9376.17,9352.18,9364.73,9329.14
2018-04-24 15:00:00,9376.14,9348.06,9302.46,9302.46
2018-04-24 14:00:00,9331.54,9292,9267.31,9215.95
2018-04-24 13:00:00,9413.76,9359.99,9374.42,9252.39
2018-04-24 12:00:00,9374.42,9331.54,9304.25,9304.25
2018-04-24 11:00:00,9340.13,9319.24,9306.91,9296.69
2018-04-24 10:00:00,9346.34,9300.38,9291.24,9284.46
2018-04-24 09:00:00,9291.24,9268.48,9263.45,9248.62
2018-04-24 08:00:00,9269.91,9256.88,9234.51,9233.18
2018-04-24 07:00:00,9252.21,9232.52,9252.21,9212.77
2018-04-24 06:00:00,9280.75,9262.5,9277.49,9244.16
2018-04-24 05:00:00,9303.42,9257.98,9264.82,9226.26
2018-04-24 04:00:00,9265.52,9228.2,9203.74,9203.74
2018-04-24 03:00:00,9211.72,9200.76,9199.54,9183.59
2018-04-24 02:00:00,9229.94,9196.04,9188.89,9178.63
2018-04-24 01:00:00,9197.73,9172.62,9189.68,9134.38
2018-04-24 00:00:00,9211.34,9057.89,8942.51,8935.65
2018-04-23 23:00:00,8942.51,8934.37,8932.66,8919.92
2018-04-23 22:00:00,8951.86,8939.55,8939.17,8923.35
2018-04-23 21:00:00,8939.29,8929.4,8935.01,8922.11
2018-04-23 20:00:00,8935.01,8888.93,8858.37,8843.75
2018-04-23 19:00:00,8907.53,8886.31,8905.63,8830.92
2018-04-23 18:00:00,8911,8901.35,8893.6,8890.64
2018-04-23 17:00:00,8922.4,8895.1,8921.62,8880.21
2018-04-23 16:00:00,8936.18,8925.67,8908.08,8908.08
2018-04-23 15:00:00,8936.03,8917.86,8921.75,8903.5
2018-04-23 14:00:00,8936.3,8910.55,8932.86,8871.61
2018-04-23 13:00:00,8956.93,8943.77,8951.95,8926.52
2018-04-23 12:00:00,8992.35,8944.19,8924.5,8921.71
2018-04-23 11:00:00,8930.2,8911.01,8902.15,8888.16
2018-04-23 10:00:00,8926.66,8907.29,8905.11,8893.07
2018-04-23 09:00:00,8923.65,8897.65,8919.34,8867.18
2018-04-23 08:00:00,8964.45,8937.65,8938.75,8912.48
2018-04-23 07:00:00,8961.87,8936.73,8903.13,8903.13
2018-04-23 06:00:00,8921.23,8878.61,8881.86,8859.05
2018-04-23 05:00:00,8881.86,8856.68,8861.56,8842.35
2018-04-23 04:00:00,8875.27,8860.23,8870.48,8847.22
2018-04-23 03:00:00,8889.76,8872.52,8856.57,8856.57
2018-04-23 02:00:00,8889.44,8860.75,8869.17,8839.04
2018-04-23 01:00:00,8876.57,8828.7,8820.31,8802.98
2018-04-23 00:00:00,8845.2,8818.64,8801.48,8781.78
2018-04-22 23:00:00,8853.36,8803.51,8853.36,8769.1
2018-04-22 22:00:00,8916.5,8876.52,8916.5,8833.89
2018-04-22 21:00:00,8919.28,8903.31,8894.21,8888.69
2018-04-22 20:00:00,8918.82,8896.47,8884.26,8874.26
2018-04-22 19:00:00,8960.72,8915.34,8960.39,8880.71
2018-04-22 18:00:00,8964.72,8949.82,8946.59,8938.24
2018-04-22 17:00:00,8968.09,8939.52,8924,8923.72
2018-04-22 16:00:00,9017.81,8931.47,8945.26,8858.21
2018-04-22 15:00:00,8988.5,8961.31,8983.21,8936.25
2018-04-22 14:00:00,9007.32,8945.71,8884.84,8881.54
2018-04-22 13:00:00,8907.64,8886.4,8864.3,8848.07
2018-04-22 12:00:00,8971.21,8876.59,8945.11,8813.12
2018-04-22 11:00:00,9027.96,8974.44,8961.85,8940.62
2018-04-22 10:00:00,8961.85,8943.5,8920.07,8920.07
2018-04-22 09:00:00,8980.51,8934,8953.56,8905.94
2018-04-22 08:00:00,8966.22,8933.22,8878.39,8878.39
2018-04-22 07:00:00,8903.16,8878.01,8896.9,8863.41
2018-04-22 06:00:00,8896.9,8874.26,8847.68,8847.68
2018-04-22 05:00:00,8892.69,8866.13,8852.17,8847.68
2018-04-22 04:00:00,8852.17,8832.6,8834.46,8823.47
2018-04-22 03:00:00,8880.33,8861.24,8867.7,8833.02
2018-04-22 02:00:00,8877.68,8851.54,8831.36,8828.44
2018-04-22 01:00:00,8847.52,8831.22,8834.43,8814.96
2018-04-22 00:00:00,8920.13,8863.55,8920.13,8827.13
2018-04-21 23:00:00,8924.21,8845.4,8813.62,8804.87
2018-04-21 22:00:00,8824.14,8802.5,8790.42,8786.92
2018-04-21 21:00:00,8811.89,8787.77,8783.3,8758.4
2018-04-21 20:00:00,8793.42,8768.66,8793.42,8736.9
2018-04-21 19:00:00,8814.21,8803.75,8791.46,8783.74
2018-04-21 18:00:00,8811.46,8782.38,8773.23,8759.38
2018-04-21 17:00:00,8807.4,8783.47,8781.55,8744.63
2018-04-21 16:00:00,8864.43,8811.75,8828.24,8775.75
2018-04-21 15:00:00,8837.78,8803.43,8757.84,8757.84
2018-04-21 14:00:00,8788.73,8770.45,8766.91,8757.42
2018-04-21 13:00:00,8775.72,8746.39,8764.78,8713.31
2018-04-21 12:00:00,8775.4,8748.31,8717.71,8713.49
2018-04-21 11:00:00,8728.16,8679.73,8728.16,8629.18
2018-04-21 10:00:00,8767.97,8741.88,8717.84,8693.06
2018-04-21 09:00:00,8817.88,8767.84,8814.71,8680.39
2018-04-21 08:00:00,8897.3,8820.08,8895.75,8763.41
2018-04-21 07:00:00,9032.38,8958.88,8943.75,8895.75
2018-04-21 06:00:00,8952.09,8920.88,8891.88,8891.88
2018-04-21 05:00:00,8891.88,8867.69,8864.94,8857.85
2018-04-21 04:00:00,8880.52,8868.76,8874.38,8851.29
2018-04-21 03:00:00,8919.56,8873.22,8855.4,8855.4
2018-04-21 02:00:00,8876.43,8848.82,8827.68,8817.8
2018-04-21 01:00:00,8831.77,8813.55,8831.77,8797.22
2018-04-21 00:00:00,8872.99,8850.17,8872.99,8820.61
2018-04-20 23:00:00,8893.53,8846.8,8861.51,8808.09
2018-04-20 22:00:00,8928.44,8702.19,8528.15,8528.15
2018-04-20 21:00:00,8548.95,8533.27,8526.9,8521.24
2018-04-20 20:00:00,8529.74,8517.63,8526.74,8497.87
2018-04-20 19:00:00,8539.97,8525.32,8508.24,8507.16
2018-04-20 18:00:00,8529.83,8509.96,8506.61,8492.91
2018-04-20 17:00:00,8523.59,8510.1,8513.92,8496.3
2018-04-20 16:00:00,8518.03,8495.71,8470.66,8460.52
2018-04-20 15:00:00,8502.38,8484.34,8502.38,8460.15
2018-04-20 14:00:00,8521.56,8505.54,8514.61,8489.67
2018-04-20 13:00:00,8540.17,8517.86,8532.49,8489.16
2018-04-20 12:00:00,8562.64,8537.28,8521.37,8515.35
2018-04-20 11:00:00,8536.29,8517.42,8506.79,8499.99
2018-04-20 10:00:00,8542.05,8405.44,8321.27,8318.63
2018-04-20 09:00:00,8335.47,8323.1,8310.99,8301.36
2018-04-20 08:00:00,8357.43,8333.11,8333.39,8308.02
2018-04-20 07:00:00,8361.36,8348.93,8319.94,8319.94
2018-04-20 06:00:00,8327.08,8299.57,8287.24,8278.67
2018-04-20 05:00:00,8307.6,8287.91,8275.54,8237.83
2018-04-20 04:00:00,8336.42,8297.81,8336.42,8270.62
2018-04-20 03:00:00,8354.51,8345.63,8332.81,8332.81
2018-04-20 02:00:00,8390.61,8355.32,8362.43,8320.89
2018-04-20 01:00:00,8371.66,8345.89,8353.32,8323.87
2018-04-20 00:00:00,8368.02,8347.31,8281.78,8281.78
2018-04-19 23:00:00,8291.07,8271.78,8264.35,8244.94
2018-04-19 22:00:00,8292.19,8280.45,8275.57,8264.35
2018-04-19 21:00:00,8277.46,8263.16,8243.31,8236.12
2018-04-19 20:00:00,8253.59,8243.39,8253.59,8221.21
2018-04-19 19:00:00,8277.4,8259.06,8277.4,8247.25
2018-04-19 18:00:00,8285,8269.42,8268.92,8253.19
2018-04-19 17:00:00,8300.62,8259.46,8243.41,8243.41
2018-04-19 16:00:00,8281.59,8249.13,8236.24,8236.12
2018-04-19 15:00:00,8239.32,8230.35,8233.58,8222.46
2018-04-19 14:00:00,8261.26,8227.93,8232.09,8182.38
2018-04-19 13:00:00,8247.35,8234.08,8239.04,8225.11
2018-04-19 12:00:00,8248.7,8222.63,8206.99,8196.59
2018-04-19 11:00:00,8240.84,8217.43,8234.06,8199
2018-04-19 10:00:00,8246.39,8227.32,8224.18,8215.51
2018-04-19 09:00:00,8246.31,8213.36,8181.72,8165.13
2018-04-19 08:00:00,8228.47,8183.04,8167.01,8166.29
2018-04-19 07:00:00,8212.58,8176.46,8176.08,8117.05
2018-04-19 06:00:00,8204.46,8187.59,8184.1,8168.72
2018-04-19 05:00:00,8190.86,8180.73,8190.28,8170.54
2018-04-19 04:00:00,8192.55,8171.18,8192.55,8150.01
2018-04-19 03:00:00,8219.42,8192.04,8219.42,8177.1
2018-04-19 02:00:00,8259.15,8193.8,8188.55,8167.59
2018-04-19 01:00:00,8201.54,8161.31,8155.34,8135.31
2018-04-19 00:00:00,8174.31,8151.35,8174.31,8124.58
2018-04-18 23:00:00,8184.2,8171.29,8162.55,8156.26
2018-04-18 22:00:00,8212.3,8179.64,8198.72,8140.14
2018-04-18 21:00:00,8202.46,8190.83,8190.49,8182.3
2018-04-18 20:00:00,8223.8,8176.56,8117.44,8107.74
2018-04-18 19:00:00,8129.92,8115.37,8109.76,8100.57
2018-04-18 18:00:00,8124.07,8113.59,8105.57,8105.12
2018-04-18 17:00:00,8128.27,8119.43,8119.94,8098.21
2018-04-18 16:00:00,8138.51,8055.61,8013.03,8013.03
2018-04-18 15:00:00,8022.85,8000.86,7985.15,7968.05
2018-04-18 14:00:00,8110.05,8096.23,8105.44,7985.15
2018-04-18 13:00:00,8118.75,8101.83,8100.26,8092.46
2018-04-18 12:00:00,8123.11,8104.69,8113.62,8091.06
2018-04-18 11:00:00,8113.69,8098.9,8097.56,8080.68
2018-04-18 10:00:00,8110.54,8097.72,8098.42,8090.54
2018-04-18 09:00:00,8109.43,8102.4,8094.22,8092.96
2018-04-18 08:00:00,8121.09,8101.99,8117.11,8087.38
2018-04-18 07:00:00,8156.01,8122.93,8136.11,8110.17
2018-04-18 06:00:00,8136.11,7964.01,7931.34,7897.15
2018-04-18 05:00:00,7950.02,7936.82,7930.18,7924.27
2018-04-18 04:00:00,7947.88,7932.31,7947.88,7923.16
2018-04-18 03:00:00,7947.88,7930.17,7918.6,7918.6
2018-04-18 02:00:00,7954.7,7944.29,7943.03,7918.6
2018-04-18 01:00:00,7953,7940.96,7922.51,7922.51
2018-04-18 00:00:00,7930.53,7920.33,7900.36,7890.69
2018-04-17 23:00:00,7911.97,7897.04,7911.97,7879.94
2018-04-17 22:00:00,7916.84,7902.71,7916.84,7893.31
2018-04-17 21:00:00,7937.04,7921.4,7923.17,7905.85
2018-04-17 20:00:00,7932.44,7907.51,7889.2,7854.06
2018-04-17 19:00:00,7951.05,7894.04,7951.05,7872.45
2018-04-17 18:00:00,8106.24,8074.63,8106.24,7939.24
2018-04-17 17:00:00,8123.8,8110.82,8120.93,8096.39
2018-04-17 16:00:00,8129.4,8109.85,8091.78,8091.78
2018-04-17 15:00:00,8117.04,8099.07,8116.93,8087.24
2018-04-17 14:00:00,8128.38,8110.4,8105.68,8086.12
2018-04-17 13:00:00,8132.81,8107.37,8108.71,8073.14
2018-04-17 12:00:00,8148.65,8136.84,8123.35,8108.71
2018-04-17 11:00:00,8123.35,8111.84,8100.53,8100.29
2018-04-17 10:00:00,8156.68,8109.61,8153.84,8096.39
2018-04-17 09:00:00,8169.46,8152.68,8145.05,8145.05
2018-04-17 08:00:00,8153.73,8146.06,8127.64,8127.64
2018-04-17 07:00:00,8153.31,8122.32,8025.15,8025.15
2018-04-17 06:00:00,8037.43,8016.42,7986.7,7984.98
2018-04-17 05:00:00,8027.49,8008.36,8025.73,7986.7
2018-04-17 04:00:00,8039.87,8019.71,8039.87,8004.94
2018-04-17 03:00:00,8044.39,8034.26,8038.81,8018.74
2018-04-17 02:00:00,8043.34,8021.44,8042.54,7992.77
2018-04-17 01:00:00,8066.67,8052.93,8055.33,8028.65
2018-04-17 00:00:00,8070.23,8048.78,8059.3,8025.72
2018-04-16 23:00:00,8067.58,8054.22,8023.83,8023.83
2018-04-16 22:00:00,8031.54,8014.66,8025.05,7989.43
2018-04-16 21:00:00,8028.29,8016.72,7994.59,7994.59
2018-04-16 20:00:00,8001.91,7985.74,7990.72,7960.47
2018-04-16 19:00:00,8049.16,8029.82,8028.12,7988.83
2018-04-16 18:00:00,8040.26,8030.53,8040.26,8022.57
2018-04-16 17:00:00,8061.53,8019.35,7980.73,7975.18
2018-04-16 16:00:00,7989.7,7973.43,7989.7,7956.04
2018-04-16 15:00:00,8010.04,7994.57,7980.57,7974.02
2018-04-16 14:00:00,8001.4,7971.39,7970.31,7936.82
2018-04-16 13:00:00,7982.76,7954.81,7962.98,7921.33
2018-04-16 12:00:00,8091.84,8035.15,8091.84,7953.21
2018-04-16 11:00:00,8098.74,8083.82,8079.23,8044.66
2018-04-16 10:00:00,8129.09,8102.2,8103.5,8066.04
2018-04-16 09:00:00,8142.58,8101.82,8138.37,8064.05
2018-04-16 08:00:00,8143.32,8120.43,8117.79,8099
2018-04-16 07:00:00,8125.49,8098.03,8095.71,8078.48
2018-04-16 06:00:00,8104.12,8070.46,8056.99,8035.74
2018-04-16 05:00:00,8146.7,8075.17,8146.7,8032.34
2018-04-16 04:00:00,8163.58,8151.25,8162.12,8135.03
2018-04-16 03:00:00,8182.46,8165.91,8147.22,8137.2
2018-04-16 02:00:00,8353.64,8197.49,8346.46,8111.28
2018-04-16 01:00:00,8408.56,8372.52,8388.75,8343.36
2018-04-16 00:00:00,8404.54,8377.9,8360.32,8342.81
2018-04-15 23:00:00,8369.84,8342.26,8349.02,8324.51
2018-04-15 22:00:00,8356.79,8326.99,8307.55,8303.3
2018-04-15 21:00:00,8307.55,8296.36,8294.53,8290.06
2018-04-15 20:00:00,8330.35,8310.12,8316.08,8287.61
2018-04-15 19:00:00,8334.62,8309.05,8334.62,8287.9
2018-04-15 18:00:00,8344.43,8324.67,8302.65,8301.2
2018-04-15 17:00:00,8317.73,8293.69,8287.19,8280.46
2018-04-15 16:00:00,8319.58,8297.08,8291.13,8280.65
2018-04-15 15:00:00,8347.71,8309.93,8347.71,8278.43
2018-04-15 14:00:00,8381.68,8357.72,8359.48,8337.02
2018-04-15 13:00:00,8394.06,8360.14,8349.57,8347.85
2018-04-15 12:00:00,8359.45,8346.83,8346.66,8333.13
2018-04-15 11:00:00,8419.33,8346.35,8130.07,8130.07
2018-04-15 10:00:00,8138.46,8132.42,8123.45,8123.45
2018-04-15 09:00:00,8138.12,8119.59,8138.12,8099.05
2018-04-15 08:00:00,8162.62,8112.38,8087.49,8087.49
2018-04-15 07:00:00,8120.91,8098.75,8120.91,8086.72
2018-04-15 06:00:00,8134.29,8122.08,8131.09,8111.69
2018-04-15 05:00:00,8131.09,8111.21,8112.15,8073.8
2018-04-15 04:00:00,8148.54,8109.74,8092.63,8092.22
2018-04-15 03:00:00,8104.54,8092.9,8095.6,8084.93
2018-04-15 02:00:00,8120.12,8101.09,8114.83,8083.63
2018-04-15 01:00:00,8117.93,8093.44,8068.32,8056.74
2018-04-15 00:00:00,8124.05,8083.41,8011.47,8011.47
2018-04-14 23:00:00,8058.03,8020.59,8058.03,7981.34
2018-04-14 22:00:00,8073.36,8061.43,8050.86,8050.5
2018-04-14 21:00:00,8093.65,8064.3,8082.48,8043.13
2018-04-14 20:00:00,8083.31,8050.81,8029.38,8021.83
2018-04-14 19:00:00,8043.95,8023.01,8038.33,8003.21
2018-04-14 18:00:00,8038.33,7989.02,7985.73,7967.08
2018-04-14 17:00:00,8004.24,7979.23,8004.24,7959.02
2018-04-14 16:00:00,8004.24,7974.83,7972.31,7941.98
2018-04-14 15:00:00,8002.89,7985.04,7985.97,7968.62
2018-04-14 14:00:00,7985.97,7961.57,7979.25,7944.76
2018-04-14 13:00:00,7979.25,7946.24,7911.56,7911.56
2018-04-14 12:00:00,7995.99,7945.05,7987.33,7890.17
2018-04-14 11:00:00,8023.45,7995.89,7965.51,7965.51
2018-04-14 10:00:00,8051.25,8013.82,8046.85,7939.3
2018-04-14 09:00:00,8130.57,8085.75,8121.16,8009.55
2018-04-14 08:00:00,8166.33,8135.69,8138.63,8104.57
2018-04-14 07:00:00,8182.51,8100.94,8020.62,8000.38
2018-04-14 06:00:00,8023.19,8002.04,7975.34,7975.34
2018-04-14 05:00:00,8030.64,8002.92,7977.76,7975.34
2018-04-14 04:00:00,8044.18,8020.12,8044.18,7971.77
2018-04-14 03:00:00,8054.54,8030.85,8039.97,8013.94
2018-04-14 02:00:00,8074.61,8048.01,8049.54,8019.11
2018-04-14 01:00:00,8062.01,7997.26,7924.33,7921.76
2018-04-14 00:00:00,7933.29,7884.52,7882.82,7838.58
2018-04-13 23:00:00,7970.92,7930.97,7910.52,7876.67
2018-04-13 22:00:00,7910.52,7842.81,7881.19,7819.82
2018-04-13 21:00:00,7917.43,7883.75,7912.07,7853.91
2018-04-13 20:00:00,8107.75,8015.59,8103.05,7865.3
2018-04-13 19:00:00,8126.17,8103.09,8124.46,8065.63
2018-04-13 18:00:00,8128.96,8113.2,8128.96,8097.4
2018-04-13 17:00:00,8164.71,8121.49,8136.18,8072.1
2018-04-13 16:00:00,8160.9,8128.47,8139.65,8109.27
2018-04-13 15:00:00,8139.65,8111.13,8117.07,8091.75
2018-04-13 14:00:00,8128.01,8097.66,8106.04,8053.68
2018-04-13 13:00:00,8211.43,8157.87,8200.58,8062.36
2018-04-13 12:00:00,8221.86,8149.95,8096.01,8096.01
2018-04-13 11:00:00,8145.95,8111.87,8075.24,8071.1
2018-04-13 10:00:00,8099.44,8071.35,8068.29,8025.44
2018-04-13 09:00:00,8159.19,8114.5,8135.93,8068.29
2018-04-13 08:00:00,8142.79,8102.99,8124.5,8070.19
2018-04-13 07:00:00,8185.87,7942.78,7827.23,7827.23
2018-04-13 06:00:00,7877.08,7832.63,7799.81,7797.92
2018-04-13 05:00:00,7832.83,7808.66,7832.83,7773.43
2018-04-13 04:00:00,7843.79,7825.91,7828.92,7800.54
2018-04-13 03:00:00,7898.28,7857.86,7880.49,7828.92
2018-04-13 02:00:00,7888.54,7850.43,7795.17,7795.17
2018-04-13 01:00:00,7897.96,7845.92,7897.96,7761.81
2018-04-13 00:00:00,7989.15,7922.54,7917.69,7840.23
2018-04-12 23:00:00,7960.1,7889.35,7863.97,7843.47
2018-04-12 22:00:00,7863.97,7811.23,7835.27,7762
2018-04-12 21:00:00,7896.36,7798.15,7730.56,7714.35
2018-04-12 20:00:00,7740.35,7713.05,7686.26,7684.94
2018-04-12 19:00:00,7755.04,7699.87,7687.18,7684.53
2018-04-12 18:00:00,7703.63,7684.06,7691.62,7661.46
2018-04-12 17:00:00,7761.85,7700.49,7629.4,7629.4
2018-04-12 16:00:00,7637.38,7619.86,7633.35,7589.34
2018-04-12 15:00:00,7664.02,7640.67,7661.32,7613.66
2018-04-12 14:00:00,7726.91,7686.44,7695.26,7619.25
2018-04-12 13:00:00,7734.76,7699.09,7708.19,7653.13
2018-04-12 12:00:00,7803.96,7723.45,7754.96,7659.09
2018-04-12 11:00:00,8019.87,7563.77,6945.73,6945.73
2018-04-12 10:00:00,6963.88,6889.86,6867.37,6855.77
2018-04-12 09:00:00,6867.37,6844.26,6850.51,6834.63
2018-04-12 08:00:00,6867.65,6848.37,6838.14,6831.61
2018-04-12 07:00:00,6854.84,6831.66,6802.79,6785.42
2018-04-12 06:00:00,6955.43,6929.46,6950.75,6802.79
2018-04-12 05:00:00,6978.1,6957.54,6978.1,6940.18
2018-04-12 04:00:00,6978.12,6959.77,6952.59,6946.71
2018-04-12 03:00:00,6968.07,6956.9,6960.35,6940.9
2018-04-12 02:00:00,6960.35,6944.77,6937.85,6932.93
2018-04-12 01:00:00,6943.11,6924.74,6933.7,6903.79
2018-04-12 00:00:00,6962.24,6948.27,6949.75,6933.38
2018-04-11 23:00:00,6975.07,6950.19,6931.5,6931.5
2018-04-11 22:00:00,6938.53,6927.43,6913.41,6913.41
2018-04-11 21:00:00,6913.51,6905.88,6903.33,6895.01
2018-04-11 20:00:00,6930.27,6917.84,6924.91,6903.33
2018-04-11 19:00:00,6930.45,6922.84,6917.73,6912.81
2018-04-11 18:00:00,6922.45,6915.42,6915.2,6908.96
2018-04-11 17:00:00,6930.5,6917.6,6929.87,6896.9
2018-04-11 16:00:00,6942.2,6930.72,6942.2,6916.3
2018-04-11 15:00:00,6947.68,6936.92,6938.56,6920.56
2018-04-11 14:00:00,6972.36,6952.39,6950.79,6938.44
2018-04-11 13:00:00,6974.21,6937.69,6864.54,6864.54
2018-04-11 12:00:00,6872.93,6863.2,6863.94,6854.48
2018-04-11 11:00:00,6878.26,6856.99,6847.45,6832.79
2018-04-11 10:00:00,6866.62,6859.33,6866.62,6846.81
2018-04-11 09:00:00,6880.88,6875.12,6872.36,6866.62
2018-04-11 08:00:00,6873.71,6860.23,6852.37,6849.5
2018-04-11 07:00:00,6857.46,6852.11,6853.49,6846.77
2018-04-11 06:00:00,6853.49,6837.65,6840.29,6817.62
2018-04-11 05:00:00,6881.11,6864.83,6844.62,6840.29
2018-04-11 04:00:00,6844.62,6837.45,6836.88,6830.45
2018-04-11 03:00:00,6852.03,6841.61,6850.71,6829.53
2018-04-11 02:00:00,6863.32,6855.54,6853.07,6849.03
2018-04-11 01:00:00,6865.25,6851.65,6863.36,6843.74
2018-04-11 00:00:00,6869.2,6856.67,6842.98,6842.98
2018-04-10 23:00:00,6845.02,6821.84,6807.93,6799.02
2018-04-10 22:00:00,6889,6853.32,6866.43,6795.7
2018-04-10 21:00:00,6872.81,6857.45,6854.84,6845.3
2018-04-10 20:00:00,6854.84,6841.98,6854.37,6826.51
2018-04-10 19:00:00,6855.64,6845.95,6839.71,6836.26
2018-04-10 18:00:00,6868.99,6848.19,6865.4,6832.79
2018-04-10 17:00:00,6865.4,6851.4,6840.44,6837.01
2018-04-10 16:00:00,6843.67,6829.26,6826.93,6815.57
2018-04-10 15:00:00,6858.89,6831.86,6762.71,6762.71
2018-04-10 14:00:00,6766.17,6759.62,6761.81,6749.12
2018-04-10 13:00:00,6777.38,6763.08,6764.78,6759.04
2018-04-10 12:00:00,6766.33,6747.41,6742.95,6733.69
2018-04-10 11:00:00,6747.88,6736.79,6729.29,6712.96
2018-04-10 10:00:00,6783.84,6738.39,6783.84,6723.85
2018-04-10 09:00:00,6783.84,6750,6740.59,6739.48
2018-04-10 08:00:00,6740.59,6720.46,6730.3,6675.84
2018-04-10 07:00:00,6744.02,6729.53,6718.29,6710.15
2018-04-10 06:00:00,6776.33,6750.57,6765.59,6706.82
2018-04-10 05:00:00,6771.49,6758.32,6770.65,6734.62
2018-04-10 04:00:00,6814.26,6784.01,6804.53,6764.19
2018-04-10 03:00:00,6804.53,6768.56,6750.49,6750.49
2018-04-10 02:00:00,6765.2,6752.44,6734.72,6734.72
2018-04-10 01:00:00,6771.03,6739.23,6771.03,6723.56
2018-04-10 00:00:00,6784.55,6772.21,6772.38,6760.93
2018-04-09 23:00:00,6799.1,6731.64,6699.62,6699.62
2018-04-09 22:00:00,6720.42,6707.67,6720.14,6694.79
2018-04-09 21:00:00,6731.21,6698.61,6680.96,6674.68
2018-04-09 20:00:00,6691.57,6664.5,6688.27,6633.29
2018-04-09 19:00:00,6758.08,6724.13,6758.08,6656.23
2018-04-09 18:00:00,6768.16,6756.61,6741.23,6740.41
2018-04-09 17:00:00,6749.27,6741.75,6746.37,6725.38
2018-04-09 16:00:00,6749.56,6738.84,6732.02,6719.54
2018-04-09 15:00:00,6772.03,6747.64,6746.44,6722.05
2018-04-09 14:00:00,6746.44,6725.74,6740.32,6692.33
2018-04-09 13:00:00,6769.45,6750.15,6750.32,6734.1
2018-04-09 12:00:00,6785.54,6751.95,6761.3,6704.61
2018-04-09 11:00:00,6796.22,6760.17,6791.71,6721.81
2018-04-09 10:00:00,7086.63,6892.1,7086.63,6791.71
2018-04-09 09:00:00,7184.73,7123.33,7179.41,7086.63
2018-04-09 08:00:00,7179.41,7156.28,7133.65,7133.65
2018-04-09 07:00:00,7149.13,7133.46,7125.91,7121.43
2018-04-09 06:00:00,7136.29,7115.47,7113.33,7101.79
2018-04-09 05:00:00,7148.64,7125.74,7148.52,7111.99
2018-04-09 04:00:00,7158.91,7135.97,7131.48,7110.27
2018-04-09 03:00:00,7133.52,7111.01,7129.71,7076.98
2018-04-09 02:00:00,7163.67,7147.27,7125.2,7125.2
2018-04-09 01:00:00,7138.41,7103.5,7065.67,7065.67
2018-04-09 00:00:00,7106.38,7068.68,7030.13,7030.13
2018-04-08 23:00:00,7037.09,7022.46,7034.14,7005.34
2018-04-08 22:00:00,7056.29,7037.39,7005.04,7005.04
2018-04-08 21:00:00,7005.57,6988.83,6972.83,6972.83
2018-04-08 20:00:00,7000.69,6984.51,7000.69,6969.6
2018-04-08 19:00:00,7017.89,7004.27,7006.89,6982.38
2018-04-08 18:00:00,7028.78,7003.31,7003.85,6970.96
2018-04-08 17:00:00,7008.48,6989.77,6996.29,6961.44
2018-04-08 16:00:00,7053.28,7014.47,7053.28,6994.69
2018-04-08 15:00:00,7072.61,7058.23,7043.07,7041.65
2018-04-08 14:00:00,7077.13,7062.76,7068.62,7037.56
2018-04-08 13:00:00,7089.47,7071.4,7089.11,7060.58
2018-04-08 12:00:00,7107.26,7092.78,7107.26,7075.84
2018-04-08 11:00:00,7107.26,7018.61,6992.56,6992.1
2018-04-08 10:00:00,7024.78,7004.62,7001.18,6992.37
2018-04-08 09:00:00,7028.13,6988.2,6968.37,6968.37
2018-04-08 08:00:00,6977.46,6956.93,6947.53,6943.69
2018-04-08 07:00:00,6966.07,6951.35,6930.9,6929.68
2018-04-08 06:00:00,6955.78,6940.78,6953.57,6910.14
2018-04-08 05:00:00,7005.22,6965.41,6977.12,6934.65
2018-04-08 04:00:00,6999.89,6980.21,6968.77,6963.57
2018-04-08 03:00:00,6970.66,6956.57,6950.71,6938.43
2018-04-08 02:00:00,6974.65,6950.74,6950.58,6930.42
2018-04-08 01:00:00,6982.6,6946.66,6965.78,6927.86
2018-04-08 00:00:00,6977.21,6948.98,6902.05,6896.15
2018-04-07 23:00:00,6943.12,6900.49,6938.38,6873.56
2018-04-07 22:00:00,6983.4,6965.57,6978.91,6922.17
2018-04-07 21:00:00,7010.67,6986.52,7010.67,6961.59
2018-04-07 20:00:00,7015.11,7004,6997,6986.54
2018-04-07 19:00:00,6997.42,6991.49,6997.23,6981.6
2018-04-07 18:00:00,7017.64,6996.52,7010.83,6977.46
